EssOilDB_entry,OPSIN_lookup_name,OPSIN_lookup_inchi,OPSIN_lookup_comments,,PubChem_lookup_name,PubChem_lookup_cid,PubChem_lookup_inchi,OPSIN_lookup_name,OPSIN_lookup_inchi,OPSIN_lookup_comments
(z)-3-hexenyl tiglate,(z)-3-hexenyl tiglate,"InChI=1/C11H18O2/c1-4-6-7-8-9-13-11(12)10(3)5-2/h5-7H,4,8-9H2,1-3H3/b7-6-,10-5+",,,borneol,64685,"InChI=1S/C10H18O/c1-9(2)7-4-5-10(9,3)8(11)6-7/h7-8,11H,4-6H2,1-3H3",(z)-3-hexenyl tiglate,"InChI=1/C11H18O2/c1-4-6-7-8-9-13-11(12)10(3)5-2/h5-7H,4,8-9H2,1-3H3/b7-6-,10-5+",
borneol,borneol,"InChI=1/C10H18O/c1-9(2)7-4-5-10(9,3)8(11)6-7/h7-8,11H,4-6H2,1-3H3",,,borneol,1201518,"InChI=1S/C10H18O/c1-9(2)7-4-5-10(9,3)8(11)6-7/h7-8,11H,4-6H2,1-3H3/t7-,8+,10+/m0/s1",borneol,"InChI=1/C10H18O/c1-9(2)7-4-5-10(9,3)8(11)6-7/h7-8,11H,4-6H2,1-3H3",
spathulenol,spathulenol,,spathulenol is unparsable due to the following being uninterpretable: spathulenol The following was not parseable: spathulenol,,borneol,6552009,"InChI=1S/C10H18O/c1-9(2)7-4-5-10(9,3)8(11)6-7/h7-8,11H,4-6H2,1-3H3/t7-,8+,10+/m1/s1",spathulenol,,spathulenol is unparsable due to the following being uninterpretable: spathulenol The following was not parseable: spathulenol
alpha-terpinene,alpha-terpinene,,Disagreement between number of locants(alpha) and ring assembly multiplier: 3,,borneol,6321405,"InChI=1S/C10H18O/c1-9(2)7-4-5-10(9,3)8(11)6-7/h7-8,11H,4-6H2,1-3H3/t7-,8-,10+/m1/s1",alpha-terpinene,,Disagreement between number of locants(alpha) and ring assembly multiplier: 3
alpha-terpineol,alpha-terpineol,,alpha-terpineol is unparsable due to the following being uninterpretable: alpha-terpineol The following was not parseable: eol,,borneol,657014,"InChI=1S/C10H18O/c1-9(2)7-4-5-10(9,3)8(11)6-7/h7-8,11H,4-6H2,1-3H3/t7-,8?,10+/m1/s1",alpha-terpineol,,alpha-terpineol is unparsable due to the following being uninterpretable: alpha-terpineol The following was not parseable: eol
carvacrol,carvacrol,"InChI=1/C10H14O/c1-7(2)9-5-4-8(3)10(11)6-9/h4-7,11H,1-3H3",,,borneol,10492,"InChI=1S/C10H18O/c1-9(2)7-4-5-10(9,3)8(11)6-7/h7-8,11H,4-6H2,1-3H3/t7-,8-,10-/m0/s1",carvacrol,"InChI=1/C10H14O/c1-7(2)9-5-4-8(3)10(11)6-9/h4-7,11H,1-3H3",
2-decanone,2-decanone,"InChI=1/C10H20O/c1-3-4-5-6-7-8-9-10(2)11/h3-9H2,1-2H3",,,borneol,44630107,"InChI=1S/C10H18O/c1-9(2)7-4-5-10(9,3)8(11)6-7/h7-8,11H,4-6H2,1-3H3/t7-,8+,10?/m1/s1",2-decanone,"InChI=1/C10H20O/c1-3-4-5-6-7-8-9-10(2)11/h3-9H2,1-2H3",
viridiflorol,viridiflorol,,viridiflorol is unparsable due to the following being uninterpretable: viridiflorol The following was not parseable: viridiflorol,,borneol,439569,"InChI=1S/C10H18O/c1-9(2)7-4-5-10(9,3)8(11)6-7/h7-8,11H,4-6H2,1-3H3/t7?,8-,10?/m1/s1",viridiflorol,,viridiflorol is unparsable due to the following being uninterpretable: viridiflorol The following was not parseable: viridiflorol
humulene epoxide iii,humulene epoxide iii,,humulene epoxide iii is unparsable due to the following being uninterpretable: humulene epoxide iii The following was not parseable: humulene epoxide iii,,borneol,10049,"InChI=1S/C10H18O/c1-9(2)7-4-5-10(9,3)8(11)6-7/h7-8,11H,4-6H2,1-3H3/t7-,8-,10-/m1/s1",humulene epoxide iii,,humulene epoxide iii is unparsable due to the following being uninterpretable: humulene epoxide iii The following was not parseable: humulene epoxide iii
allo-aromadendrene,allo-aromadendrene,,allo-aromadendrene is unparsable due to the following being uninterpretable: allo-aromadendrene The following was not parseable: aromadendrene,,borneol,12242824,"InChI=1S/C10H18O/c1-9(2)7-4-5-10(9,3)8(11)6-7/h7-8,11H,4-6H2,1-3H3/t7-,8?,10-/m0/s1",allo-aromadendrene,,allo-aromadendrene is unparsable due to the following being uninterpretable: allo-aromadendrene The following was not parseable: aromadendrene
(e)-geranyl acetone,(e)-geranyl acetone,"InChI=1/C13H22O/c1-11(2)7-5-8-12(3)9-6-10-13(4)14/h7,9H,5-6,8,10H2,1-4H3/b12-9+",,,spathulenol,92231,"InChI=1S/C15H24O/c1-9-5-6-11-13(14(11,2)3)12-10(9)7-8-15(12,4)16/h10-13,16H,1,5-8H2,2-4H3/t10-,11+,12+,13+,15-/m0/s1",(e)-geranyl acetone,"InChI=1/C13H22O/c1-11(2)7-5-8-12(3)9-6-10-13(4)14/h7,9H,5-6,8,10H2,1-4H3/b12-9+",
"sandaracopimara-8(14),15-diene","sandaracopimara-8(14),15-diene",,"'standardization-8(14),15-diene'' is unparsable due to the following being uninterpretable: ''sandaracopimara-8(14),15-diene'' The following was not parseable: ''sandaracopimara-8(14),15-diene''",,spathulenol,522266,"InChI=1S/C15H24O/c1-9-5-6-11-13(14(11,2)3)12-10(9)7-8-15(12,4)16/h10-13,16H,1,5-8H2,2-4H3","sandaracopimara-8(14),15-diene",,"'standardization-8(14),15-diene'' is unparsable due to the following being uninterpretable: ''sandaracopimara-8(14),15-diene'' The following was not parseable: ''sandaracopimara-8(14),15-diene''"
myrtenol,myrtenol,,myrtenol is unparsable due to the following being uninterpretable: myrtenol The following was not parseable: myrtenol,,spathulenol,6432640,"InChI=1S/C15H24O/c1-9-5-6-11-13(14(11,2)3)12-10(9)7-8-15(12,4)16/h10-13,16H,1,5-8H2,2-4H3/t10?,11?,12?,13?,15-/m0/s1",myrtenol,,myrtenol is unparsable due to the following being uninterpretable: myrtenol The following was not parseable: myrtenol
beta-damascenone,beta-damascenone,,beta-damascenone is unparsable due to the following being uninterpretable: beta-damascenone The following was not parseable: amascenone,,spathulenol,97032059,"InChI=1S/C15H24O/c1-9-5-6-11-13(14(11,2)3)12-10(9)7-8-15(12,4)16/h10-13,16H,1,5-8H2,2-4H3/t10-,11+,12-,13+,15+/m1/s1",beta-damascenone,,beta-damascenone is unparsable due to the following being uninterpretable: beta-damascenone The following was not parseable: amascenone
chrysanthenone,chrysanthenone,,chrysanthenone is unparsable due to the following being uninterpretable: chrysanthenone The following was not parseable: anthenone,,spathulenol,13854255,"InChI=1S/C15H24O/c1-9-5-6-11-13(14(11,2)3)12-10(9)7-8-15(12,4)16/h10-13,16H,1,5-8H2,2-4H3/t10-,11+,12+,13+,15-/m1/s1",chrysanthenone,,chrysanthenone is unparsable due to the following being uninterpretable: chrysanthenone The following was not parseable: anthenone
p-cymen-8-ol,p-cymen-8-ol,,Could not find the atom with locant 8.,,alpha-terpinene,7462,"InChI=1S/C10H16/c1-8(2)10-6-4-9(3)5-7-10/h4,6,8H,5,7H2,1-3H3",p-cymen-8-ol,,Could not find the atom with locant 8.
geranyl heptanoate,geranyl heptanoate,"InChI=1/C17H30O2/c1-5-6-7-8-12-17(18)19-14-13-16(4)11-9-10-15(2)3/h10,13H,5-9,11-12,14H2,1-4H3/b16-13+",,,alpha-terpineol,17100,"InChI=1S/C10H18O/c1-8-4-6-9(7-5-8)10(2,3)11/h4,9,11H,5-7H2,1-3H3",geranyl heptanoate,"InChI=1/C17H30O2/c1-5-6-7-8-12-17(18)19-14-13-16(4)11-9-10-15(2)3/h10,13H,5-9,11-12,14H2,1-4H3/b16-13+",
delta-cadinol,delta-cadinol,,delta-cadinol is unparsable due to the following being uninterpretable: delta-cadinol The following was not parseable: cadinol,,carvacrol,10364,"InChI=1S/C10H14O/c1-7(2)9-5-4-8(3)10(11)6-9/h4-7,11H,1-3H3",delta-cadinol,,delta-cadinol is unparsable due to the following being uninterpretable: delta-cadinol The following was not parseable: cadinol
santolinatriene,santolinatriene,,santolinatriene is unparsable due to the following being uninterpretable: santolinatriene The following was not parseable: santolinatriene,,2-decanone,12741,"InChI=1S/C10H20O/c1-3-4-5-6-7-8-9-10(2)11/h3-9H2,1-2H3",santolinatriene,,santolinatriene is unparsable due to the following being uninterpretable: santolinatriene The following was not parseable: santolinatriene
decanal,decanal,"InChI=1/C10H20O/c1-2-3-4-5-6-7-8-9-10-11/h10H,2-9H2,1H3",,,viridiflorol,11996452,"InChI=1S/C15H26O/c1-9-5-6-10-12(9)13-11(14(13,2)3)7-8-15(10,4)16/h9-13,16H,5-8H2,1-4H3/t9-,10+,11-,12-,13-,15+/m1/s1",decanal,"InChI=1/C10H20O/c1-2-3-4-5-6-7-8-9-10-11/h10H,2-9H2,1H3",
epi-alpha-cadinol,epi-alpha-cadinol,,Epi-alpha-cadinol is unparsable due to the following being uninterpretable: epi-alpha-cadinol The following was not parseable: pi-alpha-cadinol,,viridiflorol,6432543,"InChI=1S/C15H26O/c1-9-5-6-10-12(9)13-11(14(13,2)3)7-8-15(10,4)16/h9-13,16H,5-8H2,1-4H3/t9-,10?,11?,12?,13?,15+/m0/s1",epi-alpha-cadinol,,Epi-alpha-cadinol is unparsable due to the following being uninterpretable: epi-alpha-cadinol The following was not parseable: pi-alpha-cadinol
(z)-ligustilide,(z)-ligustilide,,(z)-ligustilide is unparsable due to the following being uninterpretable: (z)-ligustilide The following was not parseable: igustilide,,viridiflorol,12304981,"InChI=1S/C15H26O/c1-9-5-6-10-12(9)13-11(14(13,2)3)7-8-15(10,4)16/h9-13,16H,5-8H2,1-4H3/t9-,10-,11+,12+,13-,15-/m0/s1",(z)-ligustilide,,(z)-ligustilide is unparsable due to the following being uninterpretable: (z)-ligustilide The following was not parseable: igustilide
gamma-terpinene,gamma-terpinene,,Disagreement between number of locants(gamma) and ring assembly multiplier: 3,,allo-aromadendrene,42608158,"InChI=1S/C15H24/c1-9-6-8-12-14(15(12,3)4)13-10(2)5-7-11(9)13/h10-14H,1,5-8H2,2-4H3/t10-,11-,12?,13-,14?/m1/s1",gamma-terpinene,,Disagreement between number of locants(gamma) and ring assembly multiplier: 3
trans-pinene hydrate,trans-pinene hydrate,,"Could not find bond that: <stereoChemistry type=""cisOrTrans"" value=""trans"" subsequentUnsemanticToken=""-"">trans</stereoChemistry> could refer unambiguously to",,(e)-geranyl acetone,1713001,"InChI=1S/C13H22O/c1-11(2)7-5-8-12(3)9-6-10-13(4)14/h7,9H,5-6,8,10H2,1-4H3/b12-9-",trans-pinene hydrate,,"Could not find bond that: <stereoChemistry type=""cisOrTrans"" value=""trans"" subsequentUnsemanticToken=""-"">trans</stereoChemistry> could refer unambiguously to"
"(e,e)-farnesol","(e,e)-farnesol",,"'(e,e)-farnesol'' is unparsable due to the following being uninterpretable: ''(e,e)-farnesol'' The following was not parseable: ''(e,e)-farnesol''",,myrtenol,10582,"InChI=1S/C10H16O/c1-10(2)8-4-3-7(6-11)9(10)5-8/h3,8-9,11H,4-6H2,1-2H3","(e,e)-farnesol",,"'(e,e)-farnesol'' is unparsable due to the following being uninterpretable: ''(e,e)-farnesol'' The following was not parseable: ''(e,e)-farnesol''"
linalyl isobutyrate,linalyl isobutyrate,"InChI=1/C14H24O2/c1-7-14(6,10-8-9-11(2)3)16-13(15)12(4)5/h7,9,12H,1,8,10H2,2-6H3",,,beta-damascenone,5366074,"InChI=1S/C13H18O/c1-5-7-11(14)12-10(2)8-6-9-13(12,3)4/h5-8H,9H2,1-4H3/b7-5+",linalyl isobutyrate,"InChI=1/C14H24O2/c1-7-14(6,10-8-9-11(2)3)16-13(15)12(4)5/h7,9,12H,1,8,10H2,2-6H3",
myristicin,myristicin,,myristicin is unparsable due to the following being uninterpretable: in The following was not parseable: in,,chrysanthenone,442463,"InChI=1S/C10H14O/c1-6-4-5-7-9(11)8(6)10(7,2)3/h4,7-8H,5H2,1-3H3",myristicin,,myristicin is unparsable due to the following being uninterpretable: in The following was not parseable: in
camphene,camphene,"InChI=1/C10H16/c1-7-8-4-5-9(6-8)10(7,2)3/h8-9H,1,4-6H2,2-3H3",,,p-cymen-8-ol,14529,"InChI=1S/C10H14O/c1-8-4-6-9(7-5-8)10(2,3)11/h4-7,11H,1-3H3",camphene,"InChI=1/C10H16/c1-7-8-4-5-9(6-8)10(7,2)3/h8-9H,1,4-6H2,2-3H3",
terpinen-4-ol,terpinen-4-ol,"InChI=1/C30H44O/c1-15-20-10-18(27(20,4)5)11-22(15)30(14-19-12-23(17(30)3)28(19,6)7)25-16(2)21-13-24(26(25)31)29(21,8)9/h18-19,22,24-26,31H,10-14H2,1-9H3",,,geranyl heptanoate,6450452,"InChI=1S/C17H30O2/c1-5-6-7-8-12-17(18)19-14-13-16(4)11-9-10-15(2)3/h10,13H,5-9,11-12,14H2,1-4H3/b16-13+",terpinen-4-ol,"InChI=1/C30H44O/c1-15-20-10-18(27(20,4)5)11-22(15)30(14-19-12-23(17(30)3)28(19,6)7)25-16(2)21-13-24(26(25)31)29(21,8)9/h18-19,22,24-26,31H,10-14H2,1-9H3",
yomogi alcohol,yomogi alcohol,,yomogi alcohol is unparsable due to the following being uninterpretable: yomogi alcohol The following was not parseable: yomogi alcohol,,geranyl heptanoate,3085924,"InChI=1S/C17H30O2/c1-5-6-7-8-12-17(18)19-14-13-16(4)11-9-10-15(2)3/h10,13H,5-9,11-12,14H2,1-4H3",yomogi alcohol,,yomogi alcohol is unparsable due to the following being uninterpretable: yomogi alcohol The following was not parseable: yomogi alcohol
alpha-pinene,alpha-pinene,,Unable to assign all locants. This locant was not assigned: alpha,,delta-cadinol,3084311,"InChI=1S/C15H26O/c1-10(2)12-7-8-15(4,16)14-6-5-11(3)9-13(12)14/h9-10,12-14,16H,5-8H2,1-4H3/t12-,13-,14-,15+/m0/s1",alpha-pinene,,Unable to assign all locants. This locant was not assigned: alpha
viridiflorene,viridiflorene,,viridiflorene is unparsable due to the following being uninterpretable: viridiflorene The following was not parseable: viridiflorene,,decanal,8175,"InChI=1S/C10H20O/c1-2-3-4-5-6-7-8-9-10-11/h10H,2-9H2,1H3",viridiflorene,,viridiflorene is unparsable due to the following being uninterpretable: viridiflorene The following was not parseable: viridiflorene
"1,8-cineole + limonene","1,8-cineole + limonene",,"'1,8-cineole + limonene'' is unparsable due to the following being uninterpretable: ''1,8-cineole + limonene'' The following was not parseable: ''1,8-cineole + limonene''",,epi-alpha-cadinol,160799,"InChI=1S/C15H26O/c1-10(2)12-7-8-15(4,16)14-6-5-11(3)9-13(12)14/h9-10,12-14,16H,5-8H2,1-4H3/t12-,13-,14+,15-/m0/s1","1,8-cineole + limonene",,"'1,8-cineole + limonene'' is unparsable due to the following being uninterpretable: ''1,8-cineole + limonene'' The following was not parseable: ''1,8-cineole + limonene''"
isoledene,isoledene,,isoledene is unparsable due to the following being uninterpretable: isoledene The following was not parseable: ledene,,(z)-ligustilide,5319022,"InChI=1S/C12H14O2/c1-2-3-8-11-9-6-4-5-7-10(9)12(13)14-11/h5,7-8H,2-4,6H2,1H3/b11-8-",isoledene,,isoledene is unparsable due to the following being uninterpretable: isoledene The following was not parseable: ledene
pulegone,pulegone,,pulegone is unparsable due to the following being uninterpretable: pulegone The following was not parseable: pulegone,,gamma-terpinene,7461,"InChI=1S/C10H16/c1-8(2)10-6-4-9(3)5-7-10/h4,7-8H,5-6H2,1-3H3",pulegone,,pulegone is unparsable due to the following being uninterpretable: pulegone The following was not parseable: pulegone
beta-cubebene,beta-cubebene,,beta-cubebene is unparsable due to the following being uninterpretable: beta-cubebene The following was not parseable: ebene,,trans-pinene hydrate,6428289,"InChI=1S/C10H18O/c1-9(2)7-4-5-10(3,11)8(9)6-7/h7-8,11H,4-6H2,1-3H3/t7-,8+,10-/m0/s1",beta-cubebene,,beta-cubebene is unparsable due to the following being uninterpretable: beta-cubebene The following was not parseable: ebene
beta-caryophyllene,beta-caryophyllene,,beta-caryophyllene is unparsable due to the following being uninterpretable: beta-caryophyllene The following was not parseable: yophyllene,,linalyl isobutyrate,6532,"InChI=1S/C14H24O2/c1-7-14(6,10-8-9-11(2)3)16-13(15)12(4)5/h7,9,12H,1,8,10H2,2-6H3",beta-caryophyllene,,beta-caryophyllene is unparsable due to the following being uninterpretable: beta-caryophyllene The following was not parseable: yophyllene
limonene,limonene,,limonene is unparsable due to the following being uninterpretable: limonene The following was not parseable: imonene,,myristicin,4276,"InChI=1S/C11H12O3/c1-3-4-8-5-9(12-2)11-10(6-8)13-7-14-11/h3,5-6H,1,4,7H2,2H3",limonene,,limonene is unparsable due to the following being uninterpretable: limonene The following was not parseable: imonene
caryophyllene oxide,caryophyllene oxide,,caryophyllene oxide is unparsable due to the following being uninterpretable: caryophyllene oxide The following was not parseable: yophyllene oxide,,camphene,6616,"InChI=1S/C10H16/c1-7-8-4-5-9(6-8)10(7,2)3/h8-9H,1,4-6H2,2-3H3",caryophyllene oxide,,caryophyllene oxide is unparsable due to the following being uninterpretable: caryophyllene oxide The following was not parseable: yophyllene oxide
2-pentylfuran,2-pentylfuran,"InChI=1/C9H14O/c1-2-3-4-6-9-7-5-8-10-9/h5,7-8H,2-4,6H2,1H3",,,terpinen-4-ol,11230,"InChI=1S/C10H18O/c1-8(2)10(11)6-4-9(3)5-7-10/h4,8,11H,5-7H2,1-3H3",2-pentylfuran,"InChI=1/C9H14O/c1-2-3-4-6-9-7-5-8-10-9/h5,7-8H,2-4,6H2,1H3",
beta-pinene,beta-pinene,,Unable to assign all locants. This locant was not assigned: beta,,yomogi alcohol,5315406,"InChI=1S/C10H18O/c1-6-9(2,3)7-8-10(4,5)11/h6-8,11H,1H2,2-5H3/b8-7+",beta-pinene,,Unable to assign all locants. This locant was not assigned: beta
cis-sabinene hydrate,cis-sabinene hydrate,,cis-sabinene hydrate is unparsable due to the following being uninterpretable: cis-sabinene hydrate The following was not parseable: sabinene hydrate,,alpha-pinene,6654,"InChI=1S/C10H16/c1-7-4-5-8-6-9(7)10(8,2)3/h4,8-9H,5-6H2,1-3H3",cis-sabinene hydrate,,cis-sabinene hydrate is unparsable due to the following being uninterpretable: cis-sabinene hydrate The following was not parseable: sabinene hydrate
beta-copaene,beta-copaene,,beta-copaene is unparsable due to the following being uninterpretable: beta-copaene The following was not parseable: copaene,,viridiflorene,10910653,"InChI=1S/C15H24/c1-9-6-8-12-14(15(12,3)4)13-10(2)5-7-11(9)13/h10,12-14H,5-8H2,1-4H3/t10-,12-,13-,14-/m1/s1",beta-copaene,,beta-copaene is unparsable due to the following being uninterpretable: beta-copaene The following was not parseable: copaene
phytol,phytol,"InChI=1/C20H40O/c1-17(2)9-6-10-18(3)11-7-12-19(4)13-8-14-20(5)15-16-21/h15,17-19,21H,6-14,16H2,1-5H3/b20-15+/t18-,19-/m1/s1",,,isoledene,530426,"InChI=1S/C15H24/c1-9-6-8-12-14(15(12,3)4)13-10(2)5-7-11(9)13/h9-10,12,14H,5-8H2,1-4H3",phytol,"InChI=1/C20H40O/c1-17(2)9-6-10-18(3)11-7-12-19(4)13-8-14-20(5)15-16-21/h15,17-19,21H,6-14,16H2,1-5H3/b20-15+/t18-,19-/m1/s1",
p-cymene,p-cymene,"InChI=1/C10H14/c1-8(2)10-6-4-9(3)5-7-10/h4-8H,1-3H3",,,pulegone,6988,"InChI=1S/C10H16O/c1-7(2)9-5-4-8(3)6-10(9)11/h8H,4-6H2,1-3H3",p-cymene,"InChI=1/C10H14/c1-8(2)10-6-4-9(3)5-7-10/h4-8H,1-3H3",
"1,4-cadinadienea","1,4-cadinadienea",,"'1,4-cadinadienea'' is unparsable due to the following being uninterpretable: ''1,4-cadinadienea'' The following was not parseable: ''1,4-cadinadienea''",,beta-cubebene,93081,"InChI=1S/C15H24/c1-9(2)12-6-5-11(4)15-8-7-10(3)13(15)14(12)15/h9,11-14H,3,5-8H2,1-2,4H3/t11-,12+,13-,14-,15+/m1/s1","1,4-cadinadienea",,"'1,4-cadinadienea'' is unparsable due to the following being uninterpretable: ''1,4-cadinadienea'' The following was not parseable: ''1,4-cadinadienea''"
(z)-beta-ocimene,(z)-beta-ocimene,"InChI=1/C10H16/c1-5-10(4)8-6-7-9(2)3/h5,7-8H,1,6H2,2-4H3/b10-8-",,,beta-caryophyllene,5281515,"InChI=1S/C15H24/c1-11-6-5-7-12(2)13-10-15(3,4)14(13)9-8-11/h6,13-14H,2,5,7-10H2,1,3-4H3/b11-6+/t13-,14-/m1/s1",(z)-beta-ocimene,"InChI=1/C10H16/c1-5-10(4)8-6-7-9(2)3/h5,7-8H,1,6H2,2-4H3/b10-8-",
dodecanol,dodecanol,"InChI=1/C12H26O/c1-2-3-4-5-6-7-8-9-10-11-12-13/h13H,2-12H2,1H3",,,limonene,22311,"InChI=1S/C10H16/c1-8(2)10-6-4-9(3)5-7-10/h4,10H,1,5-7H2,2-3H3",dodecanol,"InChI=1/C12H26O/c1-2-3-4-5-6-7-8-9-10-11-12-13/h13H,2-12H2,1H3",
bergamotol acetate,bergamotol acetate,,bergamotol acetate is unparsable due to the following being uninterpretable: bergamotol acetate The following was not parseable: bergamotol acetate,,caryophyllene oxide,1742210,"InChI=1S/C15H24O/c1-10-5-6-13-15(4,16-13)8-7-12-11(10)9-14(12,2)3/h11-13H,1,5-9H2,2-4H3/t11-,12-,13-,15-/m1/s1",bergamotol acetate,,bergamotol acetate is unparsable due to the following being uninterpretable: bergamotol acetate The following was not parseable: bergamotol acetate
beta-bourbonene,beta-bourbonene,,beta-bourbonene is unparsable due to the following being uninterpretable: beta-bourbonene The following was not parseable: bourbonene,,2-pentylfuran,19602,"InChI=1S/C9H14O/c1-2-3-4-6-9-7-5-8-10-9/h5,7-8H,2-4,6H2,1H3",beta-bourbonene,,beta-bourbonene is unparsable due to the following being uninterpretable: beta-bourbonene The following was not parseable: bourbonene
bornyl acetate,bornyl acetate,"InChI=1/C12H20O2/c1-8(13)14-10-7-9-5-6-12(10,4)11(9,2)3/h9-10H,5-7H2,1-4H3",,,beta-pinene,14896,"InChI=1S/C10H16/c1-7-4-5-8-6-9(7)10(8,2)3/h8-9H,1,4-6H2,2-3H3",bornyl acetate,"InChI=1/C12H20O2/c1-8(13)14-10-7-9-5-6-12(10,4)11(9,2)3/h9-10H,5-7H2,1-4H3",
(z)-anethole,(z)-anethole,"InChI=1/C10H12O/c1-3-4-9-5-7-10(11-2)8-6-9/h3-8H,1-2H3/b4-3-",,,cis-sabinene hydrate,12315152,"InChI=1S/C10H18O/c1-7(2)10-5-4-9(3,11)8(10)6-10/h7-8,11H,4-6H2,1-3H3/t8?,9-,10-/m0/s1",(z)-anethole,"InChI=1/C10H12O/c1-3-4-9-5-7-10(11-2)8-6-9/h3-8H,1-2H3/b4-3-",
hexadecanoic0acid,hexadecanoic0acid,,hexadecanoic0acid is unparsable due to the following being uninterpretable: 0acid The following was not parseable: 0acid,,cis-sabinene hydrate,62367,"InChI=1S/C10H18O/c1-7(2)10-5-4-9(3,11)8(10)6-10/h7-8,11H,4-6H2,1-3H3",hexadecanoic0acid,,hexadecanoic0acid is unparsable due to the following being uninterpretable: 0acid The following was not parseable: 0acid
germacrene d,germacrene d,,germacrene d is unparsable due to the following being uninterpretable: germacrene d The following was not parseable: crene d,,beta-copaene,57339298,"InChI=1S/C15H24/c1-9(2)11-7-8-15(4)12-6-5-10(3)14(15)13(11)12/h9,11-14H,3,5-8H2,1-2,4H3/t11-,12-,13-,14?,15-/m0/s1",germacrene d,,germacrene d is unparsable due to the following being uninterpretable: germacrene d The following was not parseable: crene d
geranial,geranial,"InChI=1/C10H16O/c1-9(2)5-4-6-10(3)7-8-11/h5,7-8H,4,6H2,1-3H3/b10-7+",,,phytol,5280435,"InChI=1S/C20H40O/c1-17(2)9-6-10-18(3)11-7-12-19(4)13-8-14-20(5)15-16-21/h15,17-19,21H,6-14,16H2,1-5H3/b20-15+/t18-,19-/m1/s1",geranial,"InChI=1/C10H16O/c1-9(2)5-4-6-10(3)7-8-11/h5,7-8H,4,6H2,1-3H3/b10-7+",
citronellyl acetate,citronellyl acetate,"InChI=1/C12H22O2/c1-10(2)6-5-7-11(3)8-9-14-12(4)13/h6,11H,5,7-9H2,1-4H3",,,phytol,5366244,"InChI=1S/C20H40O/c1-17(2)9-6-10-18(3)11-7-12-19(4)13-8-14-20(5)15-16-21/h15,17-19,21H,6-14,16H2,1-5H3/b20-15+",citronellyl acetate,"InChI=1/C12H22O2/c1-10(2)6-5-7-11(3)8-9-14-12(4)13/h6,11H,5,7-9H2,1-4H3",
methyl eugenol,methyl eugenol,"InChI=1/C11H14O2/c1-4-5-9-6-8(2)11(12)10(7-9)13-3/h4,6-7,12H,1,5H2,2-3H3",,,phytol,145386,"InChI=1S/C20H40O/c1-17(2)9-6-10-18(3)11-7-12-19(4)13-8-14-20(5)15-16-21/h15,17-19,21H,6-14,16H2,1-5H3",methyl eugenol,"InChI=1/C11H14O2/c1-4-5-9-6-8(2)11(12)10(7-9)13-3/h4,6-7,12H,1,5H2,2-3H3",
1-h-indole,1-h-indole,,1-h-indole is unparsable due to the following being uninterpretable: 1-h-indole The following was not parseable: h-indole,,phytol,5320547,"InChI=1S/C20H40O/c1-17(2)9-6-10-18(3)11-7-12-19(4)13-8-14-20(5)15-16-21/h15,17-19,21H,6-14,16H2,1-5H3/b20-15-",1-h-indole,,1-h-indole is unparsable due to the following being uninterpretable: 1-h-indole The following was not parseable: h-indole
alpha-cadinene,alpha-cadinene,,alpha-cadinene is unparsable due to the following being uninterpretable: alpha-cadinene The following was not parseable: cadinene,,phytol,9018,"InChI=1S/C20H40O/c1-17(2)9-6-10-18(3)11-7-12-19(4)13-8-14-20(5)15-16-21/h15,17-19,21H,6-14,16H2,1-5H3/t18-,19-/m1/s1",alpha-cadinene,,alpha-cadinene is unparsable due to the following being uninterpretable: alpha-cadinene The following was not parseable: cadinene
elemol,elemol,,elemol is unparsable due to the following being uninterpretable: elemol The following was not parseable: lemol,,p-cymene,7463,"InChI=1S/C10H14/c1-8(2)10-6-4-9(3)5-7-10/h4-8H,1-3H3",elemol,,elemol is unparsable due to the following being uninterpretable: elemol The following was not parseable: lemol
alpha-campholenal,alpha-campholenal,,alpha-campholenal is unparsable due to the following being uninterpretable: alpha-campholenal The following was not parseable: nal,,(z)-beta-ocimene,5320250,"InChI=1S/C10H16/c1-5-10(4)8-6-7-9(2)3/h5,7-8H,1,6H2,2-4H3/b10-8-",alpha-campholenal,,alpha-campholenal is unparsable due to the following being uninterpretable: alpha-campholenal The following was not parseable: nal
isomenthone,isomenthone,,isomenthone is unparsable due to the following being uninterpretable: isomenthone The following was not parseable: menthone,,dodecanol,8193,"InChI=1S/C12H26O/c1-2-3-4-5-6-7-8-9-10-11-12-13/h13H,2-12H2,1H3",isomenthone,,isomenthone is unparsable due to the following being uninterpretable: isomenthone The following was not parseable: menthone
thymol,thymol,"InChI=1/C10H14O/c1-7(2)9-5-4-8(3)6-10(9)11/h4-7,11H,1-3H3",,,beta-bourbonene,62566,"InChI=1S/C15H24/c1-9(2)11-7-8-15(4)12-6-5-10(3)13(12)14(11)15/h9,11-14H,3,5-8H2,1-2,4H3/t11-,12+,13-,14+,15-/m0/s1",thymol,"InChI=1/C10H14O/c1-7(2)9-5-4-8(3)6-10(9)11/h4-7,11H,1-3H3",
gamma-cadinene,gamma-cadinene,,gamma-cadinene is unparsable due to the following being uninterpretable: gamma-cadinene The following was not parseable: cadinene,,bornyl acetate,6448,"InChI=1S/C12H20O2/c1-8(13)14-10-7-9-5-6-12(10,4)11(9,2)3/h9-10H,5-7H2,1-4H3",gamma-cadinene,,gamma-cadinene is unparsable due to the following being uninterpretable: gamma-cadinene The following was not parseable: cadinene
cyclosativene,cyclosativene,,cyclosativene is unparsable due to the following being uninterpretable: cyclosativene The following was not parseable: sativene,,bornyl acetate,93009,"InChI=1S/C12H20O2/c1-8(13)14-10-7-9-5-6-12(10,4)11(9,2)3/h9-10H,5-7H2,1-4H3/t9-,10+,12+/m0/s1",cyclosativene,,cyclosativene is unparsable due to the following being uninterpretable: cyclosativene The following was not parseable: sativene
ledol,ledol,,ledol is unparsable due to the following being uninterpretable: ledol The following was not parseable: edol,,bornyl acetate,442460,"InChI=1S/C12H20O2/c1-8(13)14-10-7-9-5-6-12(10,4)11(9,2)3/h9-10H,5-7H2,1-4H3/t9?,10-,12?/m1/s1",ledol,,ledol is unparsable due to the following being uninterpretable: ledol The following was not parseable: edol
methyl benzoate,methyl benzoate,"InChI=1/C8H8O2/c1-10-8(9)7-5-3-2-4-6-7/h2-6H,1H3",,,bornyl acetate,6950274,"InChI=1S/C12H20O2/c1-8(13)14-10-7-9-5-6-12(10,4)11(9,2)3/h9-10H,5-7H2,1-4H3/t9-,10+,12+/m1/s1",methyl benzoate,"InChI=1/C8H8O2/c1-10-8(9)7-5-3-2-4-6-7/h2-6H,1H3",
(e)-beta-ocimene,(e)-beta-ocimene,"InChI=1/C10H16/c1-5-10(4)8-6-7-9(2)3/h5,7-8H,1,6H2,2-4H3/b10-8+",,,bornyl acetate,443131,"InChI=1S/C12H20O2/c1-8(13)14-10-7-9-5-6-12(10,4)11(9,2)3/h9-10H,5-7H2,1-4H3/t9?,10-,12?/m0/s1",(e)-beta-ocimene,"InChI=1/C10H16/c1-5-10(4)8-6-7-9(2)3/h5,7-8H,1,6H2,2-4H3/b10-8+",
"1,8-cineole","1,8-cineole",,"'1,8-cineole'' is unparsable due to the following being uninterpretable: ''1,8-cineole'' The following was not parseable: ''1,8-cineole''",,bornyl acetate,44630108,"InChI=1S/C12H20O2/c1-8(13)14-10-7-9-5-6-12(10,4)11(9,2)3/h9-10H,5-7H2,1-4H3/t9-,10+,12?/m1/s1","1,8-cineole",,"'1,8-cineole'' is unparsable due to the following being uninterpretable: ''1,8-cineole'' The following was not parseable: ''1,8-cineole''"
palustrol,palustrol,,palustrol is unparsable due to the following being uninterpretable: palustrol The following was not parseable: palustrol,,bornyl acetate,57505377,"InChI=1S/C12H20O2/c1-8(13)14-10-7-9-5-6-12(10,4)11(9,2)3/h9-10H,5-7H2,1-4H3/t9-,10?,12-/m1/s1",palustrol,,palustrol is unparsable due to the following being uninterpretable: palustrol The following was not parseable: palustrol
germacrene d 4-ol,germacrene d 4-ol,,germacrene d 4-ol is unparsable due to the following being uninterpretable: germacrene d 4-ol The following was not parseable: crene d 4-ol,,bornyl acetate,12097317,"InChI=1S/C12H20O2/c1-8(13)14-10-7-9-5-6-12(10,4)11(9,2)3/h9-10H,5-7H2,1-4H3/t9?,10?,12-/m1/s1",germacrene d 4-ol,,germacrene d 4-ol is unparsable due to the following being uninterpretable: germacrene d 4-ol The following was not parseable: crene d 4-ol
trans-beta-ocimene,trans-beta-ocimene,,"Could not find bond that: <stereoChemistry type=""cisOrTrans"" value=""trans"" subsequentUnsemanticToken=""-"">trans</stereoChemistry> could refer unambiguously to",,bornyl acetate,3034424,"InChI=1S/C12H20O2/c1-8(13)14-10-7-9-5-6-12(10,4)11(9,2)3/h9-10H,5-7H2,1-4H3/t9-,10-,12-/m1/s1",trans-beta-ocimene,,"Could not find bond that: <stereoChemistry type=""cisOrTrans"" value=""trans"" subsequentUnsemanticToken=""-"">trans</stereoChemistry> could refer unambiguously to"
m-cresol,m-cresol,"InChI=1/C7H8O/c1-6-3-2-4-7(8)5-6/h2-5,8H,1H3",,,(z)-anethole,1549040,"InChI=1S/C10H12O/c1-3-4-9-5-7-10(11-2)8-6-9/h3-8H,1-2H3/b4-3-",m-cresol,"InChI=1/C7H8O/c1-6-3-2-4-7(8)5-6/h2-5,8H,1H3",
delta-cadinene,delta-cadinene,,delta-cadinene is unparsable due to the following being uninterpretable: delta-cadinene The following was not parseable: cadinene,,germacrene d,5317570,"InChI=1S/C15H24/c1-12(2)15-10-8-13(3)6-5-7-14(4)9-11-15/h7-8,10,12,15H,3,5-6,9,11H2,1-2,4H3/b10-8+,14-7+/t15-/m0/s1",delta-cadinene,,delta-cadinene is unparsable due to the following being uninterpretable: delta-cadinene The following was not parseable: cadinene
beta-bisabolene,beta-bisabolene,,beta-bisabolene is unparsable due to the following being uninterpretable: beta-bisabolene The following was not parseable: abolene,,germacrene d,5373727,"InChI=1S/C15H24/c1-12(2)15-10-8-13(3)6-5-7-14(4)9-11-15/h7-8,10,12,15H,3,5-6,9,11H2,1-2,4H3/b10-8-,14-7-",beta-bisabolene,,beta-bisabolene is unparsable due to the following being uninterpretable: beta-bisabolene The following was not parseable: abolene
nerol oxide,nerol oxide,"InChI=1/C10H18O2/c1-8(2)5-4-6-10(3)9(7-11)12-10/h5,9,11H,4,6-7H2,1-3H3",,,germacrene d,6436582,"InChI=1S/C15H24/c1-12(2)15-10-8-13(3)6-5-7-14(4)9-11-15/h7-8,10,12,15H,3,5-6,9,11H2,1-2,4H3/b10-8+,14-7+",nerol oxide,"InChI=1/C10H18O2/c1-8(2)5-4-6-10(3)9(7-11)12-10/h5,9,11H,4,6-7H2,1-3H3",
(e)-caryophyllene,(e)-caryophyllene,,(e)-caryophyllene is unparsable due to the following being uninterpretable: (e)-caryophyllene The following was not parseable: yophyllene,,germacrene d,91104,"InChI=1S/C15H24/c1-12(2)15-10-8-13(3)6-5-7-14(4)9-11-15/h7-8,10,12,15H,3,5-6,9,11H2,1-2,4H3",(e)-caryophyllene,,(e)-caryophyllene is unparsable due to the following being uninterpretable: (e)-caryophyllene The following was not parseable: yophyllene
camphor,camphor,"InChI=1/C10H16O/c1-9(2)7-4-5-10(9,3)8(11)6-7/h7H,4-6H2,1-3H3",,,germacrene d,91723653,"InChI=1S/C15H24/c1-12(2)15-10-8-13(3)6-5-7-14(4)9-11-15/h7-8,10,12,15H,3,5-6,9,11H2,1-2,4H3/b10-8-,14-7-/t15-/m0/s1",camphor,"InChI=1/C10H16O/c1-9(2)7-4-5-10(9,3)8(11)6-7/h7H,4-6H2,1-3H3",
geraniol,geraniol,"InChI=1/C10H18O/c1-9(2)5-4-6-10(3)7-8-11/h5,7,11H,4,6,8H2,1-3H3/b10-7+",,,germacrene d,49796490,"InChI=1S/C15H24/c1-12(2)15-10-8-13(3)6-5-7-14(4)9-11-15/h7-8,10,12,15H,3,5-6,9,11H2,1-2,4H3/b10-8+,14-7?/t15-/m0/s1",geraniol,"InChI=1/C10H18O/c1-9(2)5-4-6-10(3)7-8-11/h5,7,11H,4,6,8H2,1-3H3/b10-7+",
linalool,linalool,"InChI=1/C10H18O/c1-5-10(4,11)8-6-7-9(2)3/h5,7,11H,1,6,8H2,2-4H3",,,geranial,638011,"InChI=1S/C10H16O/c1-9(2)5-4-6-10(3)7-8-11/h5,7-8H,4,6H2,1-3H3/b10-7+",linalool,"InChI=1/C10H18O/c1-5-10(4,11)8-6-7-9(2)3/h5,7,11H,1,6,8H2,2-4H3",
alpha-phellandrene,alpha-phellandrene,,alpha-phellandrene is unparsable due to the following being uninterpretable: alpha-phellandrene The following was not parseable: phellandrene,,citronellyl acetate,9017,"InChI=1S/C12H22O2/c1-10(2)6-5-7-11(3)8-9-14-12(4)13/h6,11H,5,7-9H2,1-4H3",alpha-phellandrene,,alpha-phellandrene is unparsable due to the following being uninterpretable: alpha-phellandrene The following was not parseable: phellandrene
trans-verbenol,trans-verbenol,,trans-verbenol is unparsable due to the following being uninterpretable: trans-verbenol The following was not parseable: verbenol,,methyl eugenol,7127,"InChI=1S/C11H14O2/c1-4-5-9-6-7-10(12-2)11(8-9)13-3/h4,6-8H,1,5H2,2-3H3",trans-verbenol,,trans-verbenol is unparsable due to the following being uninterpretable: trans-verbenol The following was not parseable: verbenol
myrtenal,myrtenal,,myrtenal is unparsable due to the following being uninterpretable: myrtenal The following was not parseable: myrtenal,,1-h-indole,798,"InChI=1S/C8H7N/c1-2-4-8-7(3-1)5-6-9-8/h1-6,9H",myrtenal,,myrtenal is unparsable due to the following being uninterpretable: myrtenal The following was not parseable: myrtenal
neo-iso(iso)pulegol,neo-iso(iso)pulegol,,neo-iso(iso)pulegol is unparsable due to the following being uninterpretable: neo-iso(iso)pulegol The following was not parseable: iso(iso)pulegol,,alpha-cadinene,12306048,"InChI=1S/C15H24/c1-10(2)13-8-6-12(4)14-7-5-11(3)9-15(13)14/h6,9-10,13-15H,5,7-8H2,1-4H3/t13-,14-,15-/m0/s1",neo-iso(iso)pulegol,,neo-iso(iso)pulegol is unparsable due to the following being uninterpretable: neo-iso(iso)pulegol The following was not parseable: iso(iso)pulegol
globulol,globulol,,globulol is unparsable due to the following being uninterpretable: globulol The following was not parseable: globulol,,elemol,92138,"InChI=1S/C15H26O/c1-7-15(6)9-8-12(14(4,5)16)10-13(15)11(2)3/h7,12-13,16H,1-2,8-10H2,3-6H3/t12-,13+,15-/m1/s1",globulol,,globulol is unparsable due to the following being uninterpretable: globulol The following was not parseable: globulol
octanol,octanol,"InChI=1/C8H18O/c1-2-3-4-5-6-7-8-9/h9H,2-8H2,1H3",thujopsene is unparsable due to the following being uninterpretable: thujopsene The following was not parseable: psene,,alpha-campholenal,1252759,"InChI=1S/C10H16O/c1-8-4-5-9(6-7-11)10(8,2)3/h4,7,9H,5-6H2,1-3H3/t9-/m1/s1",octanol,"InChI=1/C8H18O/c1-2-3-4-5-6-7-8-9/h9H,2-8H2,1H3",thujopsene is unparsable due to the following being uninterpretable: thujopsene The following was not parseable: psene
thujopsene,thujopsene,,,,isomenthone,6986,"InChI=1S/C10H18O/c1-7(2)9-5-4-8(3)6-10(9)11/h7-9H,4-6H2,1-3H3",thujopsene,,
(z)-gamma-bisabolene,(z)-gamma-bisabolene,,(z)-gamma-bisabolene is unparsable due to the following being uninterpretable: (z)-gamma-bisabolene The following was not parseable: abolene,,isomenthone,6432469,"InChI=1S/C10H18O/c1-7(2)9-5-4-8(3)6-10(9)11/h7-9H,4-6H2,1-3H3/t8-,9-/m0/s1",(z)-gamma-bisabolene,,(z)-gamma-bisabolene is unparsable due to the following being uninterpretable: (z)-gamma-bisabolene The following was not parseable: abolene
terpinolene,terpinolene,,terpinolene is unparsable due to the following being uninterpretable: terpinolene The following was not parseable: olene,,isomenthone,26447,"InChI=1S/C10H18O/c1-7(2)9-5-4-8(3)6-10(9)11/h7-9H,4-6H2,1-3H3/t8-,9+/m1/s1",terpinolene,,terpinolene is unparsable due to the following being uninterpretable: terpinolene The following was not parseable: olene
neo-phytadiene,neo-phytadiene,,neo-phytadiene is unparsable due to the following being uninterpretable: neo-phytadiene The following was not parseable: phytadiene,,thymol,6989,"InChI=1S/C10H14O/c1-7(2)9-5-4-8(3)6-10(9)11/h4-7,11H,1-3H3",neo-phytadiene,,neo-phytadiene is unparsable due to the following being uninterpretable: neo-phytadiene The following was not parseable: phytadiene
tricosane,tricosane,"InChI=1/C23H48/c1-3-5-7-9-11-13-15-17-19-21-23-22-20-18-16-14-12-10-8-6-4-2/h3-23H2,1-2H3",,,gamma-cadinene,6432404,"InChI=1S/C15H24/c1-10(2)13-8-6-12(4)14-7-5-11(3)9-15(13)14/h9-10,13-15H,4-8H2,1-3H3/t13-,14-,15-/m0/s1",tricosane,"InChI=1/C23H48/c1-3-5-7-9-11-13-15-17-19-21-23-22-20-18-16-14-12-10-8-6-4-2/h3-23H2,1-2H3",
"1, 10-epi-cubenol","1, 10-epi-cubenol",,"'1, 10-epi-cubenol'' is unparsable due to the following being uninterpretable: ''1, 10-epi-cubenol'' The following was not parseable: ''1, 10-epi-cubenol''",,cyclosativene,519960,"InChI=1S/C15H24/c1-8(2)9-5-6-14(3)10-7-11-13(12(9)10)15(11,14)4/h8-13H,5-7H2,1-4H3","1, 10-epi-cubenol",,"'1, 10-epi-cubenol'' is unparsable due to the following being uninterpretable: ''1, 10-epi-cubenol'' The following was not parseable: ''1, 10-epi-cubenol''"
pentadecanoic acid,pentadecanoic acid,"InChI=1/C15H30O2/c1-2-3-4-5-6-7-8-9-10-11-12-13-14-15(16)17/h2-14H2,1H3,(H,16,17)/f/h16H",,,ledol,92812,"InChI=1S/C15H26O/c1-9-5-6-10-12(9)13-11(14(13,2)3)7-8-15(10,4)16/h9-13,16H,5-8H2,1-4H3/t9-,10+,11-,12-,13-,15-/m1/s1",pentadecanoic acid,"InChI=1/C15H30O2/c1-2-3-4-5-6-7-8-9-10-11-12-13-14-15(16)17/h2-14H2,1H3,(H,16,17)/f/h16H",
ergost-5-en-3beta-ol,ergost-5-en-3beta-ol,"InChI=1/C28H48O/c1-18(2)19(3)7-8-20(4)24-11-12-25-23-10-9-21-17-22(29)13-15-27(21,5)26(23)14-16-28(24,25)6/h9,18-20,22-26,29H,7-8,10-17H2,1-6H3/t19-,20+,22-,23-,24+,25-,26-,27-,28+/m0/s1",,,ledol,11074994,"InChI=1S/C15H26O/c1-9-5-6-10-12(9)13-11(14(13,2)3)7-8-15(10,4)16/h9-13,16H,5-8H2,1-4H3/t9-,10+,11-,12-,13-,15-/m0/s1",ergost-5-en-3beta-ol,"InChI=1/C28H48O/c1-18(2)19(3)7-8-20(4)24-11-12-25-23-10-9-21-17-22(29)13-15-27(21,5)26(23)14-16-28(24,25)6/h9,18-20,22-26,29H,7-8,10-17H2,1-6H3/t19-,20+,22-,23-,24+,25-,26-,27-,28+/m0/s1",
pinocamphone,pinocamphone,,pinocamphone is unparsable due to the following being uninterpretable: pinocamphone The following was not parseable: camphone,,ledol,6432561,"InChI=1S/C15H26O/c1-9-5-6-10-12(9)13-11(14(13,2)3)7-8-15(10,4)16/h9-13,16H,5-8H2,1-4H3/t9-,10?,11?,12?,13?,15-/m0/s1",pinocamphone,,pinocamphone is unparsable due to the following being uninterpretable: pinocamphone The following was not parseable: camphone
alpha-humulene,alpha-humulene,,alpha-humulene is unparsable due to the following being uninterpretable: alpha-humulene The following was not parseable: humulene,,ledol,22297324,"InChI=1S/C15H26O/c1-9-5-6-10-12(9)13-11(14(13,2)3)7-8-15(10,4)16/h9-13,16H,5-8H2,1-4H3/t9-,10?,11-,12?,13-,15-/m1/s1",alpha-humulene,,alpha-humulene is unparsable due to the following being uninterpretable: alpha-humulene The following was not parseable: humulene
(e)-beta-farnesene,(e)-beta-farnesene,"InChI=1/C15H26/c1-6-14(4)10-8-12-15(5)11-7-9-13(2)3/h9,12H,4,6-8,10-11H2,1-3,5H3/b15-12+",,,ledol,12304979,"InChI=1S/C15H26O/c1-9-5-6-10-12(9)13-11(14(13,2)3)7-8-15(10,4)16/h9-13,16H,5-8H2,1-4H3/t9-,10-,11+,12+,13-,15+/m1/s1",(e)-beta-farnesene,"InChI=1/C15H26/c1-6-14(4)10-8-12-15(5)11-7-9-13(2)3/h9,12H,4,6-8,10-11H2,1-3,5H3/b15-12+",
citronellal,citronellal,"InChI=1/C10H18O/c1-9(2)5-4-6-10(3)7-8-11/h5,8,10H,4,6-7H2,1-3H3",,,ledol,101716,"InChI=1S/C15H26O/c1-9-5-6-10-12(9)13-11(14(13,2)3)7-8-15(10,4)16/h9-13,16H,5-8H2,1-4H3",citronellal,"InChI=1/C10H18O/c1-9(2)5-4-6-10(3)7-8-11/h5,8,10H,4,6-7H2,1-3H3",
heptadecane,heptadecane,"InChI=1/C17H36/c1-3-5-7-9-11-13-15-17-16-14-12-10-8-6-4-2/h3-17H2,1-2H3",,,methyl benzoate,7150,"InChI=1S/C8H8O2/c1-10-8(9)7-5-3-2-4-6-7/h2-6H,1H3",heptadecane,"InChI=1/C17H36/c1-3-5-7-9-11-13-15-17-16-14-12-10-8-6-4-2/h3-17H2,1-2H3",
beta-acoradiene,beta-acoradiene,,beta-acoradiene is unparsable due to the following being uninterpretable: beta-acoradiene The following was not parseable: acoradiene,,(e)-beta-ocimene,5281553,"InChI=1S/C10H16/c1-5-10(4)8-6-7-9(2)3/h5,7-8H,1,6H2,2-4H3/b10-8+",beta-acoradiene,,beta-acoradiene is unparsable due to the following being uninterpretable: beta-acoradiene The following was not parseable: acoradiene
,,,,,palustrol,110745,"InChI=1S/C15H26O/c1-9-7-8-15(16)10(2)5-6-11-13(12(9)15)14(11,3)4/h9-13,16H,5-8H2,1-4H3",,,
,,,,,palustrol,9794494,"InChI=1S/C15H26O/c1-9-7-8-15(16)10(2)5-6-11-13(12(9)15)14(11,3)4/h9-13,16H,5-8H2,1-4H3/t9-,10+,11-,12+,13-,15+/m1/s1",,,
,,,,,palustrol,1.38E+08,"InChI=1S/C15H26O/c1-9-7-8-15(16)10(2)5-6-11-13(12(9)15)14(11,3)4/h9-13,16H,5-8H2,1-4H3/t9?,10?,11-,12-,13+,15+/m1/s1",,,
,,,,,trans-beta-ocimene,5281553,"InChI=1S/C10H16/c1-5-10(4)8-6-7-9(2)3/h5,7-8H,1,6H2,2-4H3/b10-8+",,,
,,,,,m-cresol,342,"InChI=1S/C7H8O/c1-6-3-2-4-7(8)5-6/h2-5,8H,1H3",,,
,,,,,delta-cadinene,441005,"InChI=1S/C15H24/c1-10(2)13-8-6-12(4)14-7-5-11(3)9-15(13)14/h9-10,13,15H,5-8H2,1-4H3/t13-,15-/m0/s1",,,
,,,,,beta-bisabolene,10104370,"InChI=1S/C15H24/c1-12(2)6-5-7-14(4)15-10-8-13(3)9-11-15/h6,8,15H,4-5,7,9-11H2,1-3H3/t15-/m1/s1",,,
,,,,,beta-bisabolene,403919,"InChI=1S/C15H24/c1-12(2)6-5-7-14(4)15-10-8-13(3)9-11-15/h6,8,15H,4-5,7,9-11H2,1-3H3",,,
,,,,,beta-bisabolene,68128,"InChI=1S/C15H24/c1-12(2)6-5-7-14(4)15-10-8-13(3)9-11-15/h6,8,15H,4-5,7,9-11H2,1-3H3/t15-/m0/s1",,,
,,,,,nerol oxide,61275,"InChI=1S/C10H16O/c1-8(2)6-10-7-9(3)4-5-11-10/h4,6,10H,5,7H2,1-3H3",,,
,,,,,(e)-caryophyllene,5281515,"InChI=1S/C15H24/c1-11-6-5-7-12(2)13-10-15(3,4)14(13)9-8-11/h6,13-14H,2,5,7-10H2,1,3-4H3/b11-6+/t13-,14-/m1/s1",,,
,,,,,camphor,2537,"InChI=1S/C10H16O/c1-9(2)7-4-5-10(9,3)8(11)6-7/h7H,4-6H2,1-3H3",,,
,,,,,geraniol,637566,"InChI=1S/C10H18O/c1-9(2)5-4-6-10(3)7-8-11/h5,7,11H,4,6,8H2,1-3H3/b10-7+",,,
,,,,,linalool,6549,"InChI=1S/C10H18O/c1-5-10(4,11)8-6-7-9(2)3/h5,7,11H,1,6,8H2,2-4H3",,,
,,,,,alpha-phellandrene,7460,"InChI=1S/C10H16/c1-8(2)10-6-4-9(3)5-7-10/h4-6,8,10H,7H2,1-3H3",,,
,,,,,trans-verbenol,89664,"InChI=1S/C10H16O/c1-6-4-9(11)8-5-7(6)10(8,2)3/h4,7-9,11H,5H2,1-3H3/t7-,8+,9+/m1/s1",,,
,,,,,trans-verbenol,61126,"InChI=1S/C10H16O/c1-6-4-9(11)8-5-7(6)10(8,2)3/h4,7-9,11H,5H2,1-3H3",,,
,,,,,trans-verbenol,88298,"InChI=1S/C10H16O/c1-6-4-9(11)8-5-7(6)10(8,2)3/h4,7-9,11H,5H2,1-3H3/t7-,8+,9+/m0/s1",,,
,,,,,myrtenal,61130,"InChI=1S/C10H14O/c1-10(2)8-4-3-7(6-11)9(10)5-8/h3,6,8-9H,4-5H2,1-2H3",,,
,,,,,globulol,101716,"InChI=1S/C15H26O/c1-9-5-6-10-12(9)13-11(14(13,2)3)7-8-15(10,4)16/h9-13,16H,5-8H2,1-4H3",,,
,,,,,globulol,12304985,"InChI=1S/C15H26O/c1-9-5-6-10-12(9)13-11(14(13,2)3)7-8-15(10,4)16/h9-13,16H,5-8H2,1-4H3/t9-,10-,11-,12-,13-,15-/m1/s1",,,
,,,,,globulol,12304980,"InChI=1S/C15H26O/c1-9-5-6-10-12(9)13-11(14(13,2)3)7-8-15(10,4)16/h9-13,16H,5-8H2,1-4H3/t9-,10+,11+,12+,13-,15+/m0/s1",,,
,,,,,globulol,91746597,"InChI=1S/C15H26O/c1-9-5-6-10-12(9)13-11(14(13,2)3)7-8-15(10,4)16/h9-13,16H,5-8H2,1-4H3/t9?,10-,11-,12-,13-,15-/m1/s1",,,
,,,,,octanol,957,"InChI=1S/C8H18O/c1-2-3-4-5-6-7-8-9/h9H,2-8H2,1H3",,,
,,,,,thujopsene,442402,"InChI=1S/C15H24/c1-11-6-9-14(4)8-5-7-13(2,3)15(14)10-12(11)15/h6,12H,5,7-10H2,1-4H3/t12-,14-,15-/m0/s1",,,
,,,,,thujopsene,97829,"InChI=1S/C15H24/c1-11-6-9-14(4)8-5-7-13(2,3)15(14)10-12(11)15/h6,12H,5,7-10H2,1-4H3",,,
,,,,,thujopsene,6432451,"InChI=1S/C15H24/c1-11-6-9-14(4)8-5-7-13(2,3)15(14)10-12(11)15/h6,12H,5,7-10H2,1-4H3/t12?,14-,15?/m1/s1",,,
,,,,,(z)-gamma-bisabolene,3033866,"InChI=1S/C15H24/c1-12(2)6-5-7-14(4)15-10-8-13(3)9-11-15/h6,8H,5,7,9-11H2,1-4H3/b15-14+",,,
,,,,,terpinolene,11463,"InChI=1S/C10H16/c1-8(2)10-6-4-9(3)5-7-10/h4H,5-7H2,1-3H3",,,
,,,,,tricosane,12534,"InChI=1S/C23H48/c1-3-5-7-9-11-13-15-17-19-21-23-22-20-18-16-14-12-10-8-6-4-2/h3-23H2,1-2H3",,,
,,,,,pentadecanoic acid,13849,"InChI=1S/C15H30O2/c1-2-3-4-5-6-7-8-9-10-11-12-13-14-15(16)17/h2-14H2,1H3,(H,16,17)",,,
,,,,,ergost-5-en-3beta-ol,5283637,"InChI=1S/C28H48O/c1-18(2)19(3)7-8-20(4)24-11-12-25-23-10-9-21-17-22(29)13-15-27(21,5)26(23)14-16-28(24,25)6/h9,18-20,22-26,29H,7-8,10-17H2,1-6H3/t19-,20+,22-,23-,24+,25-,26-,27-,28+/m0/s1",,,
,,,,,pinocamphone,6427105,"InChI=1S/C10H16O/c1-6-8-4-7(5-9(6)11)10(8,2)3/h6-8H,4-5H2,1-3H3/t6-,7-,8+/m1/s1",,,
,,,,,pinocamphone,11038,"InChI=1S/C10H16O/c1-6-8-4-7(5-9(6)11)10(8,2)3/h6-8H,4-5H2,1-3H3",,,
,,,,,pinocamphone,12311188,"InChI=1S/C10H16O/c1-6-8-4-7(5-9(6)11)10(8,2)3/h6-8H,4-5H2,1-3H3/t6-,7+,8+/m0/s1",,,
,,,,,alpha-humulene,5281520,"InChI=1S/C15H24/c1-13-7-5-8-14(2)10-12-15(3,4)11-6-9-13/h6-7,10-11H,5,8-9,12H2,1-4H3/b11-6+,13-7+,14-10+",,,
,,,,,(e)-beta-farnesene,5281517,"InChI=1S/C15H24/c1-6-14(4)10-8-12-15(5)11-7-9-13(2)3/h6,9,12H,1,4,7-8,10-11H2,2-3,5H3/b15-12+",,,
,,,,,(e)-beta-farnesene,10407,"InChI=1S/C15H24/c1-6-14(4)10-8-12-15(5)11-7-9-13(2)3/h6,9,12H,1,4,7-8,10-11H2,2-3,5H3",,,
,,,,,citronellal,7794,"InChI=1S/C10H18O/c1-9(2)5-4-6-10(3)7-8-11/h5,8,10H,4,6-7H2,1-3H3",,,
,,,,,heptadecane,12398,"InChI=1S/C17H36/c1-3-5-7-9-11-13-15-17-16-14-12-10-8-6-4-2/h3-17H2,1-2H3",,,
,,,,,beta-acoradiene,5316209,"InChI=1S/C15H24/c1-11(2)14-6-5-13(4)15(14)9-7-12(3)8-10-15/h7,13-14H,1,5-6,8-10H2,2-4H3/t13-,14?,15?/m1/s1",,,
,,,,,(z)-3-hexenyl tiglate,,,,,
,,,,,humulene epoxide iii,,,,,
,,,,,"sandaracopimara-8(14),15-diene",,,,,
,,,,,santolinatriene,,,,,
,,,,,"(e,e)-farnesol",,,,,
,,,,,"1,8-cineole + limonene",,,,,
,,,,,"1,4-cadinadienea",,,,,
,,,,,bergamotol acetate,,,,,
,,,,,hexadecanoic0acid,,,,,
,,,,,"1,8-cineole",,,,,
,,,,,germacrene d 4-ol,,,,,
,,,,,neo-iso(iso)pulegol,,,,,
,,,,,neo-phytadiene,,,,,
,,,,,"1, 10-epi-cubenol",,,,,
,,,,,(e)-2-decanal,,,,,